{"cameraMode":{"drawMode":0,"name":"Shaded","section":"Shading Mode"},"sceneLighting":false,"audioPlay":false,"sceneViewState":{"m_AlwaysRefresh":false,"showFog":true,"showSkybox":false,"showFlares":true,"showImageEffects":true,"showParticleSystems":true,"showVisualEffectGraphs":true,"m_FxEnabled":true},"in2DMode":false,"pivot":{"x":-0.4487149715423584,"y":0.6800074577331543,"z":0.3574463129043579},"rotation":{"x":0.06285469233989716,"y":0.8766928315162659,"z":-0.11936119198799133,"w":0.4617752432823181},"size":0.9337226748466492,"orthographic":false}