{"cameraMode":{"drawMode":0,"name":"Shaded","section":"Shading Mode"},"sceneLighting":false,"audioPlay":false,"sceneViewState":{"m_AlwaysRefresh":false,"showFog":true,"showSkybox":false,"showFlares":true,"showImageEffects":true,"showParticleSystems":true,"showVisualEffectGraphs":true,"m_FxEnabled":true},"in2DMode":false,"pivot":{"x":-5.952219009399414,"y":-3.5603442192077638,"z":-0.12936964631080628},"rotation":{"x":-0.10692013800144196,"y":0.7238209843635559,"z":-0.11518342047929764,"w":-0.6718844175338745},"size":10.952077865600586,"orthographic":false}