{"cameraMode":{"drawMode":0,"name":"Shaded","section":"Shading Mode"},"sceneLighting":false,"audioPlay":false,"sceneViewState":{"m_AlwaysRefresh":false,"showFog":true,"showSkybox":false,"showFlares":true,"showImageEffects":true,"showParticleSystems":true,"showVisualEffectGraphs":true,"m_FxEnabled":true},"in2DMode":false,"pivot":{"x":5.326783180236816,"y":0.9621830582618713,"z":-7.395315170288086},"rotation":{"x":0.014909502118825913,"y":0.9817659854888916,"z":-0.08743465691804886,"w":0.16832800209522248},"size":10.952077865600586,"orthographic":false}