{"cameraMode":{"drawMode":0,"name":"Shaded","section":"Shading Mode"},"sceneLighting":false,"audioPlay":false,"sceneViewState":{"m_AlwaysRefresh":false,"showFog":true,"showSkybox":false,"showFlares":true,"showImageEffects":true,"showParticleSystems":true,"showVisualEffectGraphs":true,"m_FxEnabled":true},"in2DMode":false,"pivot":{"x":0.3478107452392578,"y":2.300675868988037,"z":0.12241064012050629},"rotation":{"x":0.2095673829317093,"y":-0.6752541661262512,"z":0.21003252267837525,"w":0.6753804087638855},"size":3.9076764583587648,"orthographic":false}