{"cameraMode":{"drawMode":0,"name":"Shaded","section":"Shading Mode"},"sceneLighting":false,"audioPlay":false,"sceneViewState":{"m_AlwaysRefresh":false,"showFog":true,"showSkybox":false,"showFlares":true,"showImageEffects":true,"showParticleSystems":true,"showVisualEffectGraphs":true,"m_FxEnabled":true},"in2DMode":false,"pivot":{"x":-0.2712602913379669,"y":-0.6414358019828796,"z":-4.594294548034668},"rotation":{"x":0.0008960689883679152,"y":-0.993634045124054,"z":0.11257049441337586,"w":0.008061437867581845},"size":2.8602991104125978,"orthographic":false}