{"cameraMode":{"drawMode":0,"name":"Shaded","section":"Shading Mode"},"sceneLighting":false,"audioPlay":false,"sceneViewState":{"m_AlwaysRefresh":false,"showFog":true,"showSkybox":false,"showFlares":true,"showImageEffects":true,"showParticleSystems":true,"showVisualEffectGraphs":true,"m_FxEnabled":true},"in2DMode":false,"pivot":{"x":0.26881805062294009,"y":-1.2081832885742188,"z":3.3894405364990236},"rotation":{"x":-0.19254490733146668,"y":-0.02444186620414257,"z":0.004782011266797781,"w":-0.9809972047805786},"size":2.2602992057800295,"orthographic":false}