{"cameraMode":{"drawMode":0,"name":"Shaded","section":"Shading Mode"},"sceneLighting":false,"audioPlay":false,"sceneViewState":{"m_AlwaysRefresh":false,"showFog":true,"showSkybox":false,"showFlares":true,"showImageEffects":true,"showParticleSystems":true,"showVisualEffectGraphs":true,"m_FxEnabled":true},"in2DMode":false,"pivot":{"x":162.87657165527345,"y":-61.06392288208008,"z":142.72251892089845},"rotation":{"x":-0.12689697742462159,"y":-0.4094288945198059,"z":0.056196264922618869,"w":-0.9018564224243164},"size":120.22223663330078,"orthographic":false}