{"cameraMode":{"drawMode":0,"name":"Shaded","section":"Shading Mode"},"sceneLighting":false,"audioPlay":false,"sceneViewState":{"m_AlwaysRefresh":false,"showFog":true,"showSkybox":false,"showFlares":true,"showImageEffects":true,"showParticleSystems":true,"showVisualEffectGraphs":true,"m_FxEnabled":true},"in2DMode":false,"pivot":{"x":-18.67274284362793,"y":-0.9480292797088623,"z":-22.373455047607423},"rotation":{"x":0.0004918540944345295,"y":0.9993938207626343,"z":-0.03180159628391266,"w":0.015287977643311024},"size":23.75849151611328,"orthographic":false}